{
  "base_model_loss": 8.305556890964509,
  "finetuned_model_loss": 7.691515183448791,
  "improvement": 0.6140417075157174,
  "improvement_pct": 7.3931431158303695
}